Name,Handle
"Javin Lacson","gojavin"
"Essam","essamisalami"
"makoa","makoapeneku"
"Danny Arellano","arellano6925"
"No-Gi Nick","nogishinobi"
"Jiu Jitsu&MMA Show","hang.loose.mma"
"Chris","wazzupwithitbeeyachtcheese01"
"Adan","adan_garcia_1"
"John Strollo","jjstrollo"
"Reece Craven","reececrave"
"Nicholas Hwang","nick.hwang"
"Roberto Ruy","roberto.ruy.7"
"Will Cusenza","willtrill_"
"n8<3","natestine_44"
"","explicit_c"
"Noel Cordero, MS, CSCS, TSAC-F","bobbylit12"
"John Oscar Wingate","christsavedmylife_"
"Robert the Raw Dog  Anderson","rawdogmentality"
"Noah Hoffman","_noahhoff"
"Manny Nieves","nogiicecreams10p"
"","joshdeluxee"
"","alanmma"
"Tanner Ressler","tannerressler"
"Jake Asaeli","ninojakeseu"
"Samuel Acosta","slamminsamuel"
"Derek LaCrone","dereklacrone"
"Chris Franke","sdchrisfranke"
"Corey Gause","blackthor5"
"Eric Najera","airwreck10p"
"Jose Mondragon","herrerasaurusrex69"
"Chris Nunez","chrisnunez10p"
"10th Planet San Diego","10thplanetsandiego"
"Richie Martinez","boogeyman_10p"
"Chance Saller","ithappenedbychance"
"Austen","ateam_218"
"J’Montre Lontovio Blancǒis","noob10p_"
"Mariano Aldama","yanothebeast"
"Connor McKittrick","connor.mckittrick"
"Tanner","tanner.lyfe"
"Angel","angelvillegas_18"
"","duncan_ness"
"Humberto San","sanbahia"
"jacob","snvkx.10p"
"Dan","torture_ritual"
"Josh Chong","joshchong"
"hka","__hka_"
"Erick","ogwillywonka619"
"Luis Fernando Parga","truchaparga"
"Peter McGregor","deadweightjj"
"Luis Fernando Parga","luis_ferparga"
"Rockem Sockem","coachrockemsockem"
"Cedric Brown","jiujitsuvanlife"
"Jeffrey Saldevar","beefycakes1"
"juju","_jujuperez"
"Sean W Chng","swchang92"
"Brandon Nahulu","theflyinnhawaiian_10p"
"Ben Kennedy","ben.the.guy"
"Jonathan Hdez","wwwjonathan12396"
"Manolo Hurricane Hernandez","manolohurricane"
"Mario Vasquez","mario_vasquez03"
"Nima Dabiri","niiimstarskiii"
"","foo__jitsu"
"Dennis Pham","dennisdpham"
"Miguel Estrada","milanchis306"
"Conrad David Spangler","conrad_david_spangler"
"Pasha Villena Hakim","pasha.hakim"
"Pasha H.","lenscape53k"
"{^~^}","_adriancobra01"
"Ryan Carl","rymalcarl"
"Karam","karamgurditt"
"Diallo Taylor","10p_taychalla"
"Sam Enzminger","samenzminger"
"Jason Omar Stewart","jasonostewart"
"Bert Phung","bert_phung"
"Michael Rettzo","rettzo1"
"Eric Underwood","mista_pimpsta"
"Josh(Broccoli)Taylor","thedogfacedman"
"10th Planet Oceanside","10thplanetoceanside"
"Michael","kuzahoncho"
"Kyle Ferriter","thegoon_10p"
"Tyler Gibson🌅","tylergibson_6"
"Noah McCully","noahmccully10p"
"","daryn.710.sd"
"Danny Boll","dannyleeboll"
"Alex🍀","alexgrandy_com"
"Troy Phitsanoukanh","nakmuaytroy"
"Geovanny Martinez","ultrazoid10p"
"Jonathan","jonathan_345"
"Art Alonso","artburgundy"
"","piscinero_vaquero"
"Scott Haller","scottlhaller"
"Rockem Sockem","therockemsockemclub"
"Combat Sports Report","combatsportsreport"
"Derrick S","derr1ck000"
"Jiu Jitsu Jel","jiujitsujel"
"Jake Semsem","jake.ajj"
"","rye_mmah"
"Patrick Emboltorio","theitchyguy"
"Enrique Lopez","lastframebyenrique"
"Prathna Tan","th3real_tan"
"Prathna Tan","th3real_tan"
"Aaron Thomson","atbjj185"
"Aydin Cooper","10p_tuggalo"
"Matthew Rangel","matthew.rangel_g"
"gabe","gabe.stine"
"Mora’s Construction","moras.construction.g.b"
"Jasmine ☄️","jasmine10parra"
"Vale Tudo","teamhurricaneawesome"
"Amber Huff","amberhuff.soccer"
"Bill Cogan","bill.cogan.5"
"Cody Price","cocoswildride"
"ERON MOSES","eron_moses"
"akai-Art-Works","akaiartworks_"
"Patty Sanchez","yelheny_sanchez"
"Kyle McCann","krmccann"
"Lemando Zapanta","lemandojr"
"Victor Medina","el_beector"
"John","strollodoughlo"
"Grappling Connection","grapplingconnection"
"Paul Hamm","paul_up_top"
"Pat☘️🎱","tatsbypat_"
"Adrian","adrian.thegunk"
"Tyler Z","tyler_z_061013"
"Christopher Sandt","bloodthirsty_mma"
"Daygo Don","fightpimp"
"Pat☘️🎱","tatsbypat_"
"Tyler Z","tyler_z_061013"
"Koba Del La Jungle","fromdahive"
"Daygo Don","fightpimp"
"Andy Chon","shoakiii"
"Cesar Daniel Garcia Paz","zer0c00l760"
"","matratsco"
"","luxurynmayhem"
"Sneak Nova","donovanjens"
"Adrian","jester_of_tortuga"
"Justin Rorick","tidalwavebjj"
"Mark Alipaz","markalipaz"
"Mmakid Cameraman","themmakid_cameraman"
"","thewholetwelveyards"
"Eric Garcia","dadager_mma"
"Oscar Ochoa","oscar73438"
"Vernon Jordan","vern.jordan"
"Rashad Phipps","shadthesavv"
"Robert Lockwood","makeitamust"
"Jade Leilani Wingate","wingatejade"
"Lydia Erts","lydiagomeze"
"Bobby Loera","bobtheskywalker"
"🥀","jenniepho_"
"Jairod James","jairod.james"
"American Patriot 3024","our_america2024_3024"
"Sarah Martin","martini413"
"Corey Ryan","coreyryanjokes"
"Eric Garcia","dadager_mma"
"Devon Simons","von_psymons"
"Elijah Harris","mrsamoa619"
"","maxsbonusaccount"
"Mark Alipaz","markalipaz"
"Oscar Lopez 🦁","oscarl0pez_bjj"
"Trevor Tipper","trevortipper"
"Jordan Maitilasso","jordanmp91"
"Judah DePalmo","jdepalmo"
"GABE","g_pribss"
"Esther K 💋","shesaysoui"
"Sam Turpin","samdoesthingsnstuff"
"Mandelyn","mandelyn.liew"
"","david_drawing1"
"","alexanderthegreat11_"
"❃ Deanna","deeanna_.cat"
"Anthony Parra","prize_bull_pasifika"
"Nik Stoev","stoevnik6"
"Talon Fitch","fearlesscabbage"
"Mirañda","fooshyz"
"West Coast InTension LLC | Mobile Massage Therapist San Diego","west_coast_intension"
"Victor Medina","el_beector"
"Tyler Brown","tylerg.brown"
"David Navilliat","dave_la_riva"
"Robert Madison","ronnin6883"
"Edward Jones","mango.boot"
"Prickly Creations Co","pricklycreationsco"
"Escondido Combat Academy","escondido_combat_academy"
"Christopher Betancourt","wandering_naturalist_ecotours"
"Ashley Chalease","ashleychalease"
"Luc","gunnerman8"
"Tristan Swan","tswan10p"
"Crew Services - Ponta Delgada 🛳️✨","onlyforcrew.pontadelgada"
"Vanessa Gonzalez","nessaloops"
"","c_bass77"
"Pat Rec","daswhack1"
"Mango Habanero","mangohabaneromusic"
"Frankie Pangelinan","frankiepangelinan"
"Sergio | 29 | SB ➡️ SD📍10P4L🎪","serggshiesty"
"Damian Radulescu","drad10p"
"Steven","stevenn.v"
"Cole Vassallo","cole_vassallo"
"Charles","chuckoutdojo"
"malin diguglielmo","malindigg"
"Ernest Ford","thebeard805"
"Alex "Wild Thang " Hidalgo","10thplanetsd_ogre_916"
"Woody Newell","woodrowwilson33"
"AJ Earley","lampshade_ocelot"
"Mike Matson","mikexd92"
"Cristian","cristianm10p"
"Transparent Gyp Say","dolosagee"
"Roberto Anthony Gil Jr.","go_see_rob"
"","danny.300"
"Rafael 💙","bluebird_ens"
"","amberr_huff"
"Harte Rouch","ashfordkrouft"
"Joseph Faullin","cup_o_joe_14"
"Shirlan James","trollop13_"
"Carlito Brigante 💀","jllop3z_69"
"Edgar Elizalde","1904.elizalde"
"Robert Madison","ronnin6883"
"Jared Bowers","jared.bowers"
"Tyler Lueke","tyler_jackson_lueke"
"John Daniel Navilliat","the_nov1"
"Crew Services - Ponta Delgada 🛳️✨","onlyforcrew.pontadelgada"
"Shanna Lavalle","scientifically_shanna"
"","venusinlibra10p"
"","heyhey_geegee"
"Kamren DeMarco","kamrendemarco"
"Matt Cox","cmattcox"
"Rex","r_3_x_frmjerzy"
"rockyleebalboa","rockyleebalboa"
"Nari 🇻🇳🇰🇭","nari.10p"
"Jared Bowers","jared.bowers"
"Tyler Lueke","tyler_jackson_lueke"
"John Daniel Navilliat","the_nov1"
"Crew Services - Ponta Delgada 🛳️✨","onlyforcrew.pontadelgada"
"Carlito Brigante 💀","jllop3z_69"
"Blake Green","jahkula_"
"Shanna Lavalle","scientifically_shanna"
"Shirlan James","trollop13_"
"Luz Elena Jacott","jacottsita"
"Cristian","cristianm10p"
"Kamren DeMarco","kamrendemarco"
"Matt Cox","cmattcox"
"rockyleebalboa","rockyleebalboa"
"Raul A.","invisiblewar"
"Demario Watson","bruce_lee_roy72"
"William Soares","brahfromthe_808"
"Tom West","florida_cracker727"
"Exponent E "I am AI"","ericayresusa"
"Nixson","nixsonthepoet"
"Aarón","el.pluma1904"
"Moises","snappedbyscrap"
"Danilo Rodriguez","dj_rodriguez88"
"Pat☘️🎱","section8tats"
"Darby","619_dago_darby"
"Cocoa","missxcocoa"
"Christian A. Rogers","littletoughguyyy"
"William Chain","williamsgaurd"
"Tom West","florida_cracker727"
"Marcos Negron","flyclippin"
"Sergio Negron","sergio_a_negron"
"Solicit","solicit.10p"
"Juan Manuel Sanguinetti","juanmanuelsanguinetti"
"Rico","ricoageare"
"Nixson","nixsonthepoet"
"David Conrique","saltydave619"
"David Turner","turner_858"
"Greta","_gretanotaro"
"Alexander Sakamoto","alexandergsakamoto"
"Carlis McCarthy","ckmacmccarthy"
"Rachelle N","xsrachelle"
"Eric Garcia","dadager_mma"
"cameron lazenberry","cameonlamzero"
"Oscar Lopez 🦁","oscarl0pez_bjj"
"Escondido Combat Academy","escondido_combat_academy"
"PEARL GONZALEZ","pearlgonzalez"
"Alberto Garcia","owlbeartoe95"
"Taylor Michael Taylor","taylortaylorbb"
"Steven Raines","steven.raines88"
"SafeHouse","afro_man_mike"
"Gabriel Ortega","grapplingabo"
"Elijah Greer","thateli10p"
"PEARL GONZALEZ","pearlgonzalez"
"Daniel Grajeda","rain_city360"
"Rachelle N","xsrachelle"
"Greta","_gretanotaro"
"JC","clinch_grip"
"SafeHouse","afro_man_mike"
"dredz96","ianxware"
"EJay Grey","imortem_jay"
"Ben","ben.turkel"
"Cameron","cam_ronn12"
"Marcos Negron","flyclippin"
"dylan waye","dylan.waye"
"Taylor Michael Taylor","taylortaylorbb"
"June","june.got.you"
"Kevin Berbrich","truckmaster_flex"
"Sergio Lopez","_splurgio_"
"Jaden Lee","sifu.jaden"
"Pat Rec","daswhack1"
"V O N","vonlonely"
"","bjjshredder.10p"
"FLIP","featured.by.flip"
"Devin Newcomb","thereal_devinnewcomb"
"ruffinmancuso","ruffinmancuso"
"Eyad*️⃣","eyad_05"
"JC","clinch_grip"
"June","june.got.you"
"Ben","ben.turkel"
"Paolo Alonzo","paoloalonzo1"
"","john_akai_wingate"
"Christopher Moore","cmo4sho"
"Anthony Agunat","the_ox_73"
"MIKEPEREZ","pichaelmerez"
"Pat Rec","daswhack1"
"Michelle Garcia","michelle__chacorta"
"Jessica Lara","jesskenpo"
"Beck Jolly","beckbjolly"
"Georgie Escobedo","_.georgie_"
"Jessie Magallanes","unclejessie_2"
"Nathan Condor","ncondor1"
"Gabriel De Simone","giopasq1995"
"Zion Fairley","zion.fairley"
"Bassil Miles","bassil.miles10p"
"Maddie Wade","madelynne.rosee"
"","itsdirtyrandy"
"Daygo Don","dadbunnysd"
"Ed Silverback Boogs","el_silverback"
"Ronnie La Bella","ronnbawn"
"ZIR","lifeofzir"
"Jordan Corio","jordan_corio"
"Gabriel De Simone","giopasq1995"
"FLIP","featured.by.flip"
"Bassil Miles","bassil.miles10p"
"Maddie Wade","madelynne.rosee"
"Paolo Alonzo","paoloalonzo1"
"Daygo Don","dadbunnysd"
"Ronnie La Bella","ronnbawn"
"Big moose on the scene.","moosefritz"
"Eloy","eloy.villalonc_"
"Jordan Corio","jordan_corio"
"مشاري يوسف محمد المسكتي","malmaskati1126"
"Raffaele","raffaele_na91"
"Matt Hershman","hershtheman_07"
"𝓩𝓸𝓮𝔂","khwilokhwilo"
"Levi DeFrancia","levidefrancia"
"Anthony Smith","antgrapples"
"Michael Hoban","lucky.hoban"
"Ashley Smashley","smashleymma"
"Kevin Pun","big_pun10p"
"Jeremy Fattorusso","jmfattorusso"
"Coliman Uribe","conlimonychile"
"Ivan Sanchez","mosanchez82"
"Fredy Rodriguez","frodva"
"Stephanie Lee","luv.stephie"
"Zoë","mrs.ghosty10p"
"Dama","damaris_isabella"
"Tracey Weber LoVuolo","steelcitychik"
"Jacob Lamb","jacobdlamb"
"","sevindmith"
"Joachim Cabanyes🇪🇸","cabanyes.j"
"dɛst.♡","desstinyy_p"
"Mouch Mass","mouchmass"
"Jimmie Copeland Jr","jimboneski"
"Thomas Murray","thomaskmurray"
"Mikey LaBella","shmiichael"
"Rafael 🏴🎪","rafro333"
"","bjjshredder.10p"
"Michael Roberts","michael_roberts7979"
"Alexus Rae Barragan","barraganfamily911"
"Kristian Kennedy","kak619"
"King of the City","king_of.the_city"
"Lil_Spica","samuel_gonzalez_g7"
"Zy_N_I","zy_n_i"
"Thore Kaya","th3ore_kaya"
"Chris Richey","_american_jedi"
"Karina Lee","karina.l33"
"Matt Hall","mhall8014"
"Oscar Ochoa","_oscar.ochoa"
"Zach S","zackattack10p"
"Josh Erwin","josherwin31"
"Zy_N_I","zy_n_i"
"Thore Kaya","th3ore_kaya"
"Tony Wilder","tonycwilder47"
"Karina Lee","karina.l33"
"James","double0pou"
"Oscar Ochoa","_oscar.ochoa"
"Zach S","zackattack10p"
"Josh Erwin","josherwin31"
"Issac Rodriguez","issacr_3"
"Stephanie Lee","luv.stephie"
"𝕏𝕚𝕞𝕖𝕟𝕒シ︎","ximena_grmtz"
"Zoë","mrs.ghosty10p"
"Misfit","rltnlssgainz"
"Yard to Table Creations","yard2table_creations"
"Joshua Garcia","icumfreedom"
"Antonio Lucero","mouthhound"
"Gunz Zalez","gunz_zalez"
"Ivan","t__ivann"
"Mike Mitri","subsendingphysio"
"Alexander Schwaebe","aschwaebe"
"Alexis J","foreverlosingshtuff"
"","cameron.pottter"
"Tariq Ali Irizarry","tariqirizarry"
"Sean","sdotcook"
"Eddie Santos","eddie_sd25"
"Kristian Kennedy","kak619"
"Josh Erwin","josherwin31"
"","taiojr"
"","matty10p"
"Jack Elliott Townsend","jacktownytownsend"
"Claudia D","xoxocloud"
"James Porcello","jamesporcello"
"عبدالرحمن مبارك النعيس","amalnuais"
"Wriskyanna aka Devins mom","wriskyanna_"
"Paige Ivette Clymer","paige.ivette"
"","jessearimas"
"Alexis Dinning","alexis_dinning"
"Chudi Mahadevan","chudichuchu86"
"Alex","alexh_917"
"yumilotty","yumilotty"
"Sarah J. Blochowsky","sarahb_pitbull10p"
"Gordon Walsh","gordon_danger_walsh"
"Mike Mitri","subsendingphysio"
"이상현","leglockfanatic"
"AINO KARTELA","ainokartela10p"
"","ayothatsmikey"
"Theresa Rose Calloway","theresa_calloway"
"Sean","sdotcook"
"Donald Rosenow","roseyydon"
"Alexis J","foreverlosingshtuff"
"","taiojr"
"Jake Burns","jakeburns0629"
"Claudia D","xoxocloud"
"yumilotty","yumilotty"
"Wriskyanna aka Devins mom","wriskyanna_"
"Kyle_w","w_kyle_c"
"Ana Moceyawa-Lewis","ana_moceyawa"
"이상현","leglockfanatic"
"Paige Ivette Clymer","paige.ivette"
"","jessearimas"
"Theresa Rose Calloway","theresa_calloway"
"Alexis Dinning","alexis_dinning"
"Chudi Mahadevan","chudichuchu86"
"Alex","alexh_917"
"Gordon Walsh","gordon_danger_walsh"
"AINO KARTELA","ainokartela10p"
"Erik Ryan","erikryan_sd"
"","ayothatsmikey"
"Alexis J","foreverlosingshtuff"
"Prince Tiger Smalls","pts_flow"
"Griffin Frederick","griffin.f"
"Mikey "Maniac" Zindler","maniacbjj"
"Kris Swope | Colorado 📍","krisdoesthingss"
"🐊","b.donnjj"
"Mike John","mykejawn45"
"Mike Hofer","mikehofermedia_"
"Miss Mads","madisenmarie13"
"Mykoda Phoenix Hummel 🇺🇸","thephoenixbeefcake"
"Augie 𒌐","616augie"
"Joseph Deacon","deaconapex"
"Ruben Ibarra","papi_queso_619"
"Scoobie doo","joshimitsubjj"
"Junior Cortez","ib_june"
"Fabian Carranza","fabiancarranza"
"Chris","callmechris619"
"Oli Cross💡","oli.crosss"
"Avi Cohn","avicohnjiujitsu"
"","ttg_lam"
"Jacen Paul","jacejits"
"Arlene Rodriguez","_arlenesshenanigans_"
"Nick Shimkin","sh1mkin"
"Sagaz Jiu-Jitsu","sagazjiujitsu"
"Mano I.","unclemano_"
"Carl Boudro","carl_boudro"
"Steven Franklin","stev_enfranklin619"
"Amanda Propker","manduuhh10p"
"🐊","b.donnjj"
"Danny Bee","spudcubs"
"Deniz Ünal","denunal"
"Diego Parada","oside_d13go"
"Juan Garza","juan.agarza"
"Heber Romero","heber_romero"
"Danny Bee","spudcubs"
"Kyle_w","w_kyle_c"
"","ttg_lam"
"Joseph Deacon","deaconapex"
"Rayna Dominguez","queenrrayy_"
"Steven Booth","stevenboothjj"
"Ashley Smallwood","sdsoulsnatcher"
"Omar Barrón","menzo503"
"","619_living"
"Barbie Moran","barbiemoran24"
"Jack Elliott Townsend","jacktownytownsend"
"Mike John","mykejawn45"
"Gloseph","gloseph316"
"Paco Rojas","paco_rojas10thp"
"Carl Boudro","carl_boudro"
"Nicholas E. Christilaw Jr.🇺🇸|🇵🇭|🇲🇽","kuyachristilaw"
"Bgucci","bguccilit"
"Junior Cortez","ib_june"
"Jill","thejillybeans"
"Tavon Fox","tavonfox"
"Brandon Carrick","_bcarrick_"
"Steven Mirasol","sdtightlines"
"Tristan Rettzo Realtor®","tristan_rettzo"
"Nicholas E. Christilaw Jr.🇺🇸|🇵🇭|🇲🇽","kuyachristilaw"
"Bgucci","bguccilit"
"","gravityresearcher"
"Jill","thejillybeans"
"Tavon Fox","tavonfox"
"Christian Huerta","christianhuerta47"
"Steven Booth","stevenboothjj"
"Steven Mirasol","sdtightlines"
"Shai “Thor” Waldapfel","nakmuaythor"
"Brandon Davis","veteranwrastlin"
"Tristan Rettzo Realtor®","tristan_rettzo"
"𝓃𝑜𝓂𝓈.ᥫ᭡","satisfying.noms"
"Hugo Alejandro Vazquez","alex_vazquez81"
"Jose Luis Rangel","chino_576"
"Brandon Carrick","_bcarrick_"
"JR","sombra_2085"
"Chris King","chris.d.king"
"Aidan Quinn","lagartapullsguard"
"Mike Dewitt Jr","mikedewitt10p"
"Eileen Gigi","eileen_gigi"
"Kyle_w","w_kyle_c"
"Nathan Murphy","nathan_murphy"
"Sub Kumite","subkumite"
"Justin Black","shreddiethe68"
"Angel Gonzalez","angelg10p"
"⚡️adam ⚡️","adam4hundo"
"Sub Kumite","subkumite"
"Adam","theadammarquez"
"Angel Gonzalez","angelg10p"
"Alex Tellez","badguardretention"
"Angel Cruz","titocruz10p"
"Hugo Alejandro Vazquez","alex_vazquez81"
"Zayne Havener","zayne_havener"
"","katiegmck"
"Brandon Davis","veteranwrastlin"
"Dylan","eazyecf"
"Jessica Lara","mamirebelde"
"Alicia Leos","alicatmassage"
"Diego Parada","oside_d13go"
"Jordan Lee Barker","jordanlbarker"
"LUCAS MONARI | SAN DIEGO REALTOR®","lucas.monari"
"Gina Baby ✨","ginabaabbyy"
"Odis Walker","walker_odis10p"
"Tori McCombs","give_em_hell__"
"Mshaka Mitchell","inmyzone2405"
"Recovery Science Inc. Cryotherapy, Infrared Sauna","recoveryscienceinc"
"Justin Black","shreddiethe68"
"Brayden Burke","burqio"
"em(ily)","emily.atkins"
"Shai “Thor” Waldapfel","nakmuaythor"
"JDF","defendthecompound"
"Allan","j.allan__dlr10p"
"Jon Eric (Gordo) Sanchez","gordolovesbjj"
"Grant Robinson","grantrobinson5022"
"brookie g","brookecgoodrich"
"Sean K","terp10p"
"Veronica Rojas","itsveroalright"
"HNasty","hungnasty"
"Omar Barrón","menzo503"
"Josh “The Iron Tortuga” Vazquez","therealjoshvazquez"
"Janet Van Arsdale","janetareola"
"Andrew Morello","805dizzle"
"Mike Dewitt Jr","mikedewitt10p"
"Dylan","eazyecf"
"Matt Buenviaje","mjbuenviaje"
"Karryna Lynn","ninaa_lynn11"
"Andrew","_andrew__rice_"
"Hasta Mañana Cantina","hastamananacantina"
"Vito🤌","vitoff18"
"Hector","hectortheprotectorrr"
"National City Jiu Jitsu Club","national_city_jiujitsu_club"
"Steven Mirasol","sdtightlines"
"","katiegmck"
"Travis Sieloff","travissieloff"
"Bryanna Rivera ✰","bree_breezie"
"Lil Weirdo","lilweirdo858"
"Nicholas E. Christilaw Jr.🇺🇸|🇵🇭|🇲🇽","kuyachristilaw"
"JackTyley","jacktyley"
"Timmy","davon_rivers"
"Nick Mosconi","nick_mosconi2"
"","boogieboixd"
"OmieBoy - Entrepreneur -
Fortune Cookie Writer","omieboy"
"","usosick__"
"Jathon West","jathonwest10p"
"Michael Clingan (CoachMikeyC.)","michaelclingan10p"
"عبدالله يوسف المسكتي","aymalmaskati"
"Christopher Bain","crispychristopher"
"Jeremy “jjitzu”Fields🧿","jeremyfields10p"
"Mike Hofer","mikehofermedia_"
"Antonio Centeno","aecenteno"
"Fabian Carranza","fabiancarranza"
"Motel at Midnight","_motelatmidnight_"
"David Bueno","fourestgump"
"Vito🤌","vitoff18"
"eric","ericfelix"
"Ashley Agostini","joybyjitsu"
"Elisa Lai","yogateacherwarrior"
"Trevor Tarin /T-rev","just2fantabulous84"
"Samuel Frederick","samfred_"
"Jeff Lozano","jefflozano"
"Mshaka Mitchell","inmyzone2405"
"Andrew Marley","andrewmarley90"
"","roux_jitsu"
"Mike","mikeyj001"
"Harris","harrisjujutsu"
"Justin Kirstein","justin_kirstein285"
"Lil Weirdo","lilweirdo858"
"Bella Flores","bellablnco"
"Nicholas E. Christilaw Jr.🇺🇸|🇵🇭|🇲🇽","kuyachristilaw"
"Timmy","davon_rivers"
"anth0ny_fo🇲🇽🇲🇽","anth0ny_fo"
"Liam Stone","la.stone"
"OmieBoy - Entrepreneur -
Fortune Cookie Writer","omieboy"
"Nathan Colonero","ncolonero"
"Mariana ✨","marianuhh16"
"Master Ultra","mstr_ultra"
"eric","ericfelix"
"Jacob Norton","jacobnorton10p"
"","mwxdr"
"Eileen Gigi","eileen_gigi"
"","usosick__"
"David Bueno","fourestgump"
"Jathon West","jathonwest10p"
"HNasty","hungnasty"
"عبدالله يوسف المسكتي","aymalmaskati"
"Christopher Bain","crispychristopher"
"Jack Moyes","jmoyy_"
"Trevor Tarin /T-rev","just2fantabulous84"
"Antonio Centeno","aecenteno"
"Cameron Holt","cammholt"
"C","reindeer.140534"
"姚泽臻Jane","jane_yao_"
"🍸Alexis von Pinkie🍹","alexarellie"
"Cody Elmer","professor_cody"
"Delaney Dodge","delaney_dodge"
"","gravityresearcher"
"Jordan Lee Barker","jordanlbarker"
"Louie","ghosty10p"
"Nicholas Lizarraga","killstruck_official"
"kro⁷⁷⁷ㅤ✧₊⁺","kaya_renee"
"","issamallama"
"Epic Fighting","epicfighting"
"Gilbert James Moore","smiling_reigns"
"Courtney ✨","courtneylynmusic"
"Ms.Mo","iammsmo"
"Jacob Bailey","jacobthemagnificent"
"De Jon Brooks","sentfromabove91"
"Mo To","lovenina2"
"","usosick__"
"Ships & Giggles","shipsxgiggles"
"Sheila","jaydens_mommy014"
"10th Planet Perry","10thplanetperry"
"Cody Elmer","professor_cody"
"Christopher Albrecht","christopher.a1brecht"
"Zack Moore","zackmoore10p"
"Brandon Gorenstein","dabrandongsellscars"
"Eddie Holic","eddie_holic"
"🍸Alexis von Pinkie🍹","alexarellie"
"J. Solo","solo_suckapunch"
"Danie Fugate","sdcurse1"
"Luke Jordan Goffeney","potatoman_crg"
"Israel Rodriguez","isra26101912"
"","itslarryee"
"Gilbert James Moore","smiling_reigns"
"Anthony Quintanar","ant.quintanar"
"alex","_flatsoda_"
"Marco Day","marcoaraw"
"VB Fight House","samuraijj_vbfighthouse"
"Tommy Lefko","tomfoolerytattoo"
"Timothy Cundiff","the_jiujitsutaco"
"David Bueno","fourestgump"
"Katia🌺","katia_blooming"
"lilward_16","lilward_16"
"Elisa Lai","yogateacherwarrior"
"Justin Guglielmana","goooogs"
"Israel Rodriguez","isra26101912"
"De Jon Brooks","sentfromabove91"
"Joanna Galaviz","jo.galaviz"
"","itslarryee"
"Victor Diaz","viconone"
"Spencer Jeffreys","spencerjeffreysbjj"
"anth0ny_fo🇲🇽🇲🇽","anth0ny_fo"
"Timothy Cundiff","the_jiujitsutaco"
"Jacob Norton","jacobnorton10p"
"","shahni.pasuram"
"P R E V E N T I O N   W E R X","prevention.werx"
"Marco Day","marcoaraw"
"VB Fight House","samuraijj_vbfighthouse"
"Nick Barnes","nick_phoenix170"
"Bryant","bryantwalton"
"jmf__8","jmf__8"
"Tommy Lefko","tomfoolerytattoo"
"joshcollier","josh.collier"
"alex","_flatsoda_"
"Katia🌺","katia_blooming"
"","eddieeddieclare"
"lilward_16","lilward_16"
"⚜️Israel Hermosillo⚜️","israel_ht_29"
"Connor McClelland","connmcc"
"HNasty","hungnasty"
"Comanche","99scarlos99"
"Johnny","johnny_ankle"
"🌐 IFBB PRO Jimi Mendizabal, LMT 🇵🇭 ♍️","jimi_ifbbpro"
"Harris","harrisjujutsu"
"𝔹 𝕃 𝕐 𝕋 ℍ 𝔼   𝕍 𝔼 ℝ 𝕄 𝕀 𝕃 𝕀 𝕆 ℕ","blythevermilion"
"Alex Herrington","nunchuckalex"
"Rodrigo Morales","roddrigomorales"
"Mo To","lovenina2"
"Andreas Achniotis Perales","andreas_achniotis"
"Lewis Mclendon","lewis.mclendon"
"","itslarryee"
"Matthew Alexander","m4tt4r4xi4"
"Bradley Collins","bradleycollins_12"
"Bobby Miles","3rdb0b.1904"
"","galoddl"
"Lilith “ ROACH”","coach_roach_10p"
"Anthony Quintanar","ant.quintanar"
"10th Planet Redlands","10thplanetredlands"
"🫎","_.adrivn._"
"Joe","bluesuedejoe"
"Mike Cordes","cordesgains"
"E.j. Sevilla","ejsevilla"
"Nick Pugh","fightlifestyleohio"
"karam majouja","karam.majouja"
"Jeremy Colorina Mascardo","illestjermz"
"Raul Arteaga Leyva","raul.a.leyva"
"Mike Cordes","cordesgains"
"Bobby Miles","3rdb0b.1904"
"Jacob Norton","jacobnorton10p"
"Lawrence Gallego","insta_gallego"
"HNasty","hungnasty"
"BJJ Wholesale","bjj_wholesale"
"Bradley Collins","bradleycollins_12"
"","galoddl"
"Johnny","johnny_ankle"
"Tony Lomauro","capn_o_your_heart"
"Anthony Quintanar","ant.quintanar"
"Brayden Burke","burqio"
"Edgar Garcia","edgaargmgm"
"10th Planet Redlands","10thplanetredlands"
"Chris Bennett","cbennettt"
"🫎","_.adrivn._"
"Joe","bluesuedejoe"
"Carlo Hartung","grapplingsaitama"
"Forest Corbett","forestcorbett"
"Peter somers","petersomers14"
"Andreas Achniotis Perales","andreas_achniotis"
"Jeremy Colorina Mascardo","illestjermz"
"Sayulita Grappling Retreat 2026","sayulitagrapplingretreat"
"BD","no_skill1k"
"Ryan (Andy) 🤙","rstarrkk"
"John Stavrianopoulos","john.stavrianopoulos"
"Jay Butler","jaybutlerbjj"
"♌️🔬🐚🪴","madisonstiegel"
"Peter somers","petersomers14"
"COACH * BIENESTAR  * EXITO *FAMILIA","gtavoots"
"Rodrigo Morales","roddrigomorales"
"BJJ Wholesale","bjj_wholesale"
"","austinb10p619"
"Samantha Andrea Melton","beans420nana"
"Matthew Culver","mat_jjunkie"
"Dhari","dhalsuwailm"
"Melissa Adao","bgirlmel"
"Andrew Jackson","heavyhanded"
"Alex Asad","asadtattoo"
"Cameron Holt","cammholt"
"Triston","trstn51"
"IiAntonioii IiAntonioii","iilorencitoii"
"Salvador Torres","mrsalvadortheagent"
"Amber","amberrbauerr"
"TheHabibiSweets","thehabibisweets"
"Eddie","edyspahgti"
"Fight To Win BJJ","f2wbjj"
"Chad Bean","_chadbean"
"Andy Mrn","mrnandy"
"Ryan (Andy) 🤙","rstarrkk"
"Madison Renée","madisonrenee130"
"Vasyl Bilokonsky","swojitsu"
"Andy Mrn","mrnandy"
"Sean Jacoby","aiaseanjacoby"
"Dhari","dhalsuwailm"
"Michelle Fennelly","mee_skull"
"John Stavrianopoulos","john.stavrianopoulos"
"Matthew Culver","mat_jjunkie"
"Allen Guardado","allenguardado18"
"Luke DePron Mens Fitness Coach","fitmenproject"
"Steph Jones","stephaniejones_"
"Salvador Torres","mrsalvadortheagent"
"Jessy Sanchez","jsanchez824"
"Adley and Darren Hoffmann","royal_rolls_bjj"
"Sheila","jaydens_mommy014"
"Chad Bean","_chadbean"
"Elias Vasquez","eliasvasquez_"
"iván","iv.btnzs"
"Jay valen","jays_with_the_jits"
"Raisa","rhaisah"
"Alistar","asantos.10p"
"Tiago Soares","tiagos_illmind"
"Andrew Jackson","heavyhanded"
"COACH * BIENESTAR  * EXITO *FAMILIA","gtavoots"
"Amber","amberrbauerr"
"Sheila","jaydens_mommy014"
"Ken Saeger BJJ","kensaeger_bjj"
"Anthony Fugazzi","afugazzi"
"Adley and Darren Hoffmann","royal_rolls_bjj"
"Derek S","simsdls"
"尺丨ㄒ丂ㄩ　千丨Ꮆ卄ㄒ🤼‍♀️🏆✨🇵🇾🇺🇸","ritsufight"
"Philip Grier","philip_grier3"
"Eddie","edyspahgti"
"Joper","txhoneybadger"
"A ♡","ashleypulopot"
"AJ Judlin","ayejaybabe"
"Meghan Stokes","meghanstokesbjj"
"Sam Dub","evildomdolla"
"Forest Corbett","forestcorbett"
"Ivan Velasco","ivanvelasco96"
"Mohammed A.M Al-Dehaimi","m7md1255"
"Jon Bunting","bunting22"
"Athbi Alsowailm","aalsowailm"
"Richie Himnandez","richnastyy"
"Stephanie","stephaniebatemann"
"Bruno Lopes","blopesjiujitsu"
"Abraham Garcia","agoneandonly"
"Daniel Rojas","drojas__"
"Caanan (K-nun)","freecaanan"
"🥬","lechugamma"
"J","mandalorian_rooster"
"Insurgent Fitness","insurgent_fitness"
"Stu Sun","stusun"
"","court.fierros"
"Ken Saeger BJJ","kensaeger_bjj"
"Daniel Rojas","drojas__"
"Grit Grappling","grit_grappling"
"Cameron Keizer","keivelli"
"Bee Salinas","flackopicasso22"
"ㄥ乇ㄖ","_01001100"
"Alex Beitinger","alexbeitinger"
"Coach","thecoachmn"
"Vincent","bgvincentt"
"Andre Allen Cooper","supafitcoop"
"nail artist","nai_dean"
"Eddie Bravo","eddiebravo10p"
"Bryan Bushaw","bryan_bushaw"
"GfamilyKennels","gfamilycanecorsos"
"Shawn Ryan","mad_gains_bro"
"𝙿𝚊𝚌𝚒𝚏𝚒𝚌 𝙱𝚎𝚊𝚌𝚑 𝚂𝚊𝚗 𝙳𝚒𝚎𝚐𝚘 𝚃𝚊𝚝𝚝𝚘𝚘 🇺🇸","kallon.tattoo"
"Alberto Sotomayor","asresultscoach"
"No Name Bar Beach Club Cozumel","nonamebarbeachclub"
"Sarah Beth Riess","sharkfoot81"
"Zach Malandra","just_zaching_it"
"Ken Saeger BJJ","kensaeger_bjj"
"Daniel Rojas","drojas__"
"Grit Grappling","grit_grappling"
"Bee Salinas","flackopicasso22"
"ㄥ乇ㄖ","_01001100"
"Pem Mancuso","death_and_tacos"
"Kaylee Lynne","kaylee.lynne"
"Aaron Baeza","aar0n_baeza"
"Vincent","bgvincentt"
"Sarah Beth Riess","sharkfoot81"
"Andre Allen Cooper","supafitcoop"
"nail artist","nai_dean"
"Bryan Bushaw","bryan_bushaw"
"Three Quarters","thr33.quarters_"
"GfamilyKennels","gfamilycanecorsos"
"Sam Dub","evildomdolla"
"Shawn Ryan","mad_gains_bro"
"Alberto Sotomayor","asresultscoach"
"Austin","big_shaq1964"
"smartystylessmarty gomez","naileasmarty"
"• B •","brookeebell_"
"No Name Bar Beach Club Cozumel","nonamebarbeachclub"
"Ben M","sd_stoke"
"Bryant Moss","bryantuhhh"
"Zack Gordon","zack.gordonn"
"Japanese Organic Cotton","japaneseorganiccotton"
"The Real Joe","yesgijoe"
"Christian","ckg.18"
"Mandelynn","mandelyn.fitness"
"Pem Mancuso","death_and_tacos"
"Jero Olivé","jeroolive"
"smartystylessmarty gomez","naileasmarty"
"Austin","big_shaq1964"
"Meghan Stokes","meghan_stokes_photography"
"Juan Quintanar","juan.quintanar.3121320"
"Alric","alricc_"
"Yorrick von Ohlen","yorrickvo"
"Vanessa Wingate","vanessaamada_"
"Obhiye","obhiye22"
"💎𝙔𝙫𝙣𝙜𝙉𝙭𝙯𝙚𝙡","yvngnxzel"
"Diego Valencia","vuuhlencia.1904"
"🥬","lechugamma"
"Rayzinho","cheeksntraps"
"Anyeli_Gv","azenet_gv"
"Danny Quesada","danny.dq"
"David Moa","davidmoa55"
"Sin City Eats | Vegas Restaurants 🌮🍔🍣🍰","sincityeatslv"
"Trenton Thompson","thompson_212"
"","ufckinsrs"
"Yuma","misteryuma"
"Vanessa Wingate","vanessaamada_"
"Ashley | Odyssey Training Center","ashleylovesjiujitsu"
"✧  🎀  𝒥  🎀  ✧","heyyy_j.nae"
"cierra garza","cierra_garza"
"COACH REY AND BELLA⏱️| ENTREPRENEUR","overtime_fitness__"
"Christian","ckg.18"
"Danny Quesada","danny.dq"
"","court.fierros"
"A ♡","ashleypulopot"
"Meghan Stokes","meghan_stokes_photography"
"nail artist","nai_dean"
"MiXD","mixdmma"
"Zach Malandra","just_zaching_it"
"Juan Quintanar","juan.quintanar.3121320"
"Eddie Bravo","eddiebravo10p"
"Diego Valencia","vuuhlencia.1904"
"Mario Chavez","mariochz13"
"Rayzinho","cheeksntraps"
"BRUIZEHAUS","bruizehaus"
"Kaylar Preite","kaylar.preite"
"Grit Grappling","grit_grappling"
"Brayden Burke","burqio"
"Sin City Eats | Vegas Restaurants 🌮🍔🍣🍰","sincityeatslv"
"Yuma","misteryuma"
"Jonathan Manzo","jonathan_manzo"
"Dave Bever","thedavebever"
"Color me kindness","colormekindnessca"
"Bryar Hamilton David Cole","bryarcrose"
"Johnray Codina","jayyreezyy"
"Jonathan Manzo","jonathan_manzo"
"kitti","kittimurray"
"JayJay Hernandez","jayjay_323_"
"Ryan Hause","rhause14"
"Texas Wine & Spirits","texas_liquor"
"ᘛHath ͡⁠ಠr_@","hathor_amimth"
"Anderson Da Silva Silva","bboy_gordo"
"Amanda Moran","mandyy_love"
"👑💎🤼‍♂️","crownjewelgrappling"
"","miribear2319"
"Elliott De La Cruz","elliott.92"
"Dr Evil","dr_evil_mma_"
"Bridget Savant","bridgetsavant"
"Flavio Rodney","ghost_rodney"
"Zach Possanza I South Florida Realtor","zachpossanza"
"Gladys GC","itsgladysg"
"","hiroorvillain"
"Justin Wilcox","justinwilcox"
"Ulysses Dinero","ulysses.dinero"
"Diana Bermudez","_deeahnuh_"
"Michael Rizzo","rizzomike10"
"","bluntforce"
"David Mendoza","dayvo_52"
"","dtheonlygoat"
"Richard Le Tran","richardletran4"
"Austin","big_shaq1964"
"Michael Rizzo","rizzomike10"
"David Vanzant","chill619guy"
"Oscar De Los Santos Canario 🇩🇴🇺🇸","bjjlovesoscar"
"Kelly Pozner Rubin","kellay1904"
"Marvin Castelle FBA","marvincastelle10p"
"David De La Fe","david_delafe78"
"Rollen Alfonso","heyrollen"
"Vero✨💕","veronica_lissette"
"","hiroorvillain"
"RUBEN DARIO RODRIGUEZ","rudarove2010"
"Brittney Moran","momma_brii24"
"Nick Kozak","niccolaskozak"
"Kevin Fuentes","9_four"
"","27ajrz"
"Ryan Quesada | Mortgage Lender","lendwithryan"
"Rey Evangelista","reydaddy31"
"Marisa Felix","mfelix27"
"Alex Hernandez","hernand3.z"
"Teresa Sue Melton","2qt2b_str8"
"• B •","brookeebell_"
"Eric H Repp","spongedizzle600"
"Ashley Klaas","ashleyk_bjj"
"Ben Hardy 😎","allpaparazzi"
"Adam","adamdejesus1"
"Aaron Baeza","aar0n_baeza"
"Dodge/SRT Parts Store.","dodgepartsdepotusa"
"Ludus Magnus","ludusmagnussd"
"","mvelazquillo"
"Justin Merchant","justinmerchant"
"Danny Malave","danothemano23"
"Oneill Tirado","_llieno11"
"Justin Wilcox","justinwilcox"
"Nick Kozak","niccolaskozak"
"Jorge Espinoza","je765249"
"aves","avakasza"
"Oscar Ochoa","ochoa6001"
"Kevin Fuentes","9_four"
"Hailey/Sze","sszzze"
"spadillesportswear (MANUFACTURER)®️","spadille_sportswear"
"Kyle del Valle","kyledv64"
"Sabores Colombianos","sabores_colombianos"
"Bilah Heartfield","bossa94west"
"Adonis🇺🇸🇯🇵","allday_ad_"
"Yorrick von Ohlen","yorrickvo"
"Cameron Keizer","keitill"
"Carnivore Meats","carnivore_meats"
"Johnny Ibarra","j_ibarra71"
"Mila 🧤🛎️💪","milaguardmajesty"
"Celina","celina11s"
"Marvin Castelle FBA","marvincastelle10p"
"Odyssey Muay Thai","odysseytcsd_muaythai"
"Hailey/Sze","sszzze"
"Obhiye","obhiye22"
"🤴King of the Memes","jiujitzmemes"
"Kyle del Valle","kyledv64"
"Carlos A. Gonzalez","carlosa.952"
"Bilah Heartfield","bossa94west"
"Ray Ray❤️","rayonna_thoee"
"Ravin","ravinramani"
"Tyrone Thomas","tac_619_ca"
"Fabiana Tolomeo","fabiana_tolomeo"
"💘💝❤️ 💘💝❤️","brigitte.jlm"
"Catalina Clarkin","catalinaalexis"
"Darby","darby_the_infamous"
"Lili 🌟🌸🌻🏆","lilibestdrives"
"ᗰOᖇIᗩᕼ","mo.ofthemtns"
"Cody Kessing","cody_kessing"
"Dylan Ray☀️🐶","dylanrayarts"
"Brittany","twinnmommaa_"
"Danny Malave","danothemano23"
"Sean","thepretentiouspicturesofseans"
"Catalina Clarkin","catalinaalexis"
"Darby","darby_the_infamous"
"Lili 🌟🌸🌻🏆","lilibestdrives"
"ᗰOᖇIᗩᕼ","mo.ofthemtns"
"Cody Kessing","cody_kessing"
"Cindy <3","fairytale_cindy"
"Dylan Ray☀️🐶","dylanrayarts"
"Ej Humphrey","ejhumphrey"
"Brittany","twinnmommaa_"
"Jon Hofmann","jonathan_hofmann"
"Jose Fernando","jfernando0105"
"Roy L. Richardson","rrichardson96"
"David Gonzalez","david_gonzalez255"
"","_emsszz"
"Appy’s Pathfood","pathfood"
"Kimono Gii Maker","kimonogiimaker"
"Luxe By Sherena","luxebysherena"
"lauren","llaurenwhitley"
"Laurel Eve","thiscryptid0.o"
"Emily Garcia","emilygarcia1683"
"🚮","12.obbie"
"B","countrybeef.ga"
"Grace 🌜","gracesraunll"
"Warriors Wanted","warriorswantedofficial"
"🚮","12.obbie"
"Grace 🌜","gracesraunll"
"OP🦅","o__pierre"
"Warriors Wanted","warriorswantedofficial"
"Uma 🍜","umaudonutopia"
"Lily Ahmadzai","lilyahmadzai"
"Zoe Harper","zoe.harper.fit"
"Eric Perez-Collaço","strawhatgambit_"
"Cyrus Rahimi","cyrus.aria"
"Drew","andice_18"
"Sara ali","gon_gon22900"
"Conner Homan","connerthrowman"
"Zachary Keesee","blackary87"
"Antonio Catalan","el.gato.619"
"Josh Jitsu","jiu.jitsu.josh"
"Ohana Bakery","ohana_bakery"
"💘💝❤️ 💘💝❤️","brigette_4.4"
"• B •","brookeebell_"
"Ben Hardy 😎","allpaparazzi"
"Tyrone Thomas","tac_619_ca"
"Guillermo Maestas","maestasg46"
"Shaun Shannon","bigshaun24__"
"Sabrina Malialani Fellis-Galvan","smfge601"
"B","countrybeef.ga"
"Jack Stilo","jackuno373"
"UNFOLLOW","old_marccavelli"
"Jess Forte ✨","jessrforte"
"patches","theimmortalpatches"
"og.nightmare","og.nightmare_"
"Appy’s Pathfood","pathfood"
"Warriors Wanted","warriorswantedofficial"
"Anna Lagace","annavlagace"
"Ivan Pulido","heartfilled_asshole"
"• B •","brookeebell_"
"Lily Ahmadzai","lilyahmadzai"
"Ben Hardy 😎","allpaparazzi"
"Kimono Gii Maker","kimonogiimaker"
"Victor Martinez","fit.vic"
"Adolfo Varela Holguin","adolfovarelah"
"Paul Hause","phause17"
"","penaiamoa"
"💘💝❤️ 💘💝❤️","brigette_4.4"
"","alena__gonzalez"
"Lucy Macias","lucyjuicyfruit"
"Zoe Harper","zoe.harper.fit"
"Ryley Racciato","ryleyrockado"
"","jessevillegas_"
"","_birdsounds"
"Patrick McClanahan Music","patrickmcclanahanmusic"
"Luxe By Sherena","luxebysherena"
"krystelle aka jae2 🫶🏽","kmixes__"
"Sterling Watson","_tribalocity"
"_e90mario","_e90mario"
"Harley Davidson parts sales","james_foster_124"
"Robert Villanueva","robert._.villanueva"
"Omar Alberto Gonzalez","omaralbertogonzalez"
"SEAN ERTS","seanerts619"
"Randy Seth","randyseth94"
"David Gallegos","david_gallegos34"
"SD👨🏾‍💻","pbdabagman"
"","allnattysjj"
"Marty Mercado","martymercado70"
"Raqhel Laurence","raqhellaurence"
"","monicaohsoofine"
"Mikio Taniguchi","_mikiyoyoyo"
"Tiago Soares","tiagos_illmind"
"Joey Furyaki Soto","furyaki_soto_787"
"マインドリノベーター　馬瀬山　学","ma_ke_n_"
"Tshepiso Koleli","shakes_fx_program"
"🎀maddy🎀","hippacorn_riddin_maddy"
"Gabriela Ramos","_gabrielacruzz"
"David Garcia","daviddgarciaa"
"","celtic_smashing"
"","paystrpz"
"","domiiniqueponzce"
"Robert Villanueva","robert._.villanueva"
"","allnattysjj"
"Mission st  Psychic candle Shop","mission_st_psychic_candle_shop"
"Jiu Jitsu Breakdown","10thp.bjjflowbreakdown"
"","monicaohsoofine"
"Joey Furyaki Soto","furyaki_soto_787"
"Randy Seth","randyseth94"
"🎀maddy🎀","hippacorn_riddin_maddy"
"Marty Mercado","martymercado70"
"SD👨🏾‍💻","pbdabagman"
"Raqhel Laurence","raqhellaurence"
"David Garcia","daviddgarciaa"
"","celtic_smashing"
"","domiiniqueponzce"
"Y.C.$ 3700","ycs3700"
"Jason Haines","lovedandfeared"
"James McDonough","irishdude58"
"Magni","nitundi1"
"Oscar Valenzuela","killem5690"
"Hawaii MMA Camp","hawaiimmacamp8"
"Angelina Baroy","angelinabaroy"
"James Ristau","skydiving_james"
"Craig Madden","maddc619"
"Judith Millan","juudithhx"
"Bkaby Spoety FACE","sadlucc4easty_._"
"Jorge A. Martinez-Cano","j_and_j2006"
"","paystrpz"
"I Am 11 I Ride Scooters","johnny_wingate_014"
"Jorge Najera","jorgee.n"
"Nature | Wayfaring","potential.nature.us"
"Mikio Taniguchi","_mikiyoyoyo"
"Imani Smith 💕","honey_loooove"
"Hilda 🍀🌞🌟","hildayogaislife"
"Saul Hernandez","saulhernandez92"
"Officialkela","officialrealoneapparel"
"HOUSE OF HEELHOOKS","houseofheelhooks"
"Patrick McClanahan Music","patrickmcclanahanmusic"
"Victoria Waller","victorialouwaller"
"@aydsb","aydspb"
"","domiiniqueponzce"
"Tshepiso Koleli","shakes_fx_program"
"Jourdan Hobbs","jourdandarlene"
"Ixchel","ixx.xxo"
"マインドリノベーター　馬瀬山　学","ma_ke_n_"
"Valeria Vazquez","vazquez_val32"
"CraigH. EDM. SoCal. 👏🏻🌅🎶🎮","craigh_24"
"Chung Pham","chung_pham"
"David Miramontes","president_miramontes"
"SAMI HUSEYIN | STRENGTH AND CONDITIONING COACH","coach_samihuseyin"
"Varenya","varenyana.3uk6341"
"krystelle aka jae2 🫶🏽","kmixes__"
"Jourdan Hobbs","jourdandarlene"
"Imani Smith 💕","honey_loooove"
"GYMER_LADS","uzair_khan.0001"
"OP🦅","o__pierre"
"Carmina Lasher","hellerbrandficken4c9083"
"Patrick McClanahan Music","patrickmcclanahanmusic"
"","adam_haymz"
"Brian54mercado","brian54mercado"
"Claire 🍃","claireposepixie"
"𝓚𝓪𝓶𝓸𝓶𝓲 🖤","jamiekamomi"
"SAMI HUSEYIN | STRENGTH AND CONDITIONING COACH","coach_samihuseyin"
"","mehe_tarin"
"Veronicuhh Ibarra","original_betanica"
"","yung_saucey"
"💘💝❤️ 💘💝❤️","lewis.niu"
"Jenny Dutra","jenny.dutra"
"Montel Anderson","montel_100"
"💛💙💜💚❤️","colorful_lifee_"
"Chloe Lo","chlo.e.lo"
"Shoutout4Shoutout","big_shoutouts71"
"","bassoum__100"
"StonerBantz","stonerbantz"
"BESTER BOXING","besterboxing"
"","triip2102"
"","jkalzmcidjbdjakakaaaa"
"","yung_saucey"
"GYMER_LADS","uzair_khan.0001"
"💘💝❤️ 💘💝❤️","lewis.niu"
"Jenny Dutra","jenny.dutra"
"Montel Anderson","montel_100"
"💛💙💜💚❤️","colorful_lifee_"
"Chloe Lo","chlo.e.lo"
"","paola.h0tty"
"Shoutout4Shoutout","big_shoutouts71"
"","bassoum__100"
"BESTER BOXING","besterboxing"
"Cortney Russel","beli.gaspharmaceuticals"
"jdotrod","jdotrod"
"A'daila Marisol   ✨🔮","armenianbabbby"
"Brianna Acosta","brianna_0999"
"Harley Davidson parts available","tony_godman0"
"M & J Luxury Getaways, Affilate of Wishing On A Star Travel LLC","mjluxurygetaways"
"","mehe_tarin"
"Jai Black","jaivaughnblack96"
"MattressSaleliquidators","mattress_sale_liquidators_sd"
"","mezulmalaksmon"
"Atiyya Gordon","atiyyagordon6261"
"whitewidowking","whitewidowking"
"My Daily Choice","mdc_fitnation"
"StonerBantz","stonerbantz"
"M & J Luxury Getaways, Affilate of Wishing On A Star Travel LLC","mjluxurygetaways"
"Frame Focus","framefocus828"
"Nancy Neil","cynperhz"
"Yvette","justnegri"
"Corey Sherar","corey_sundiego"
"","nonis5"
"tre","treevon33"
"Clarissa Bates","clarisssaa__"
"David Banner","steve_jones_3226039"
"","triip2102"
"MattressSaleliquidators","mattress_sale_liquidators_sd"
"Mo Bonita","beautifuloka"
"Just Smile","showoffyoursmile"
"Jai Black","jaivaughnblack96"
"","aydsb"
"whitewidowking","whitewidowking"
"selenaagom","selenaagom"
"","yiyuan13"
"My Daily Choice","mdc_fitnation"
"somebodys Mama","teekstaa_"
"Atiyya Gordon","atiyyagordon6261"
"!                Megan","meggforever"
"Shaddie","sauce.shaddie"
"Chloe ♡","xchloeesmxju"
"","yiyuan13"
"My Daily Choice","mdc_fitnation"
"Brandon Bardales","bardalesb16"
"Atiyya Gordon","atiyyagordon6261"
"somebodys Mama","teekstaa_"
"Blake Green","freebirdmkt"
"Just Smile","showoffyoursmile"
"Shaddie","sauce.shaddie"
"","oatmealraisinbran_"
"","richard_lovato"
"Ross Rogers","rarogerss"
"Pink Tampons Launching Soon","betaletes_alphaletes_nightmare"
"Max Dobson","radmax10p"
"Chloe ♡","xchloeesmxju"
"","arlene_6231"
"Анастасия Кунцева","kuntseva_a"
"Maria Cunan","mariacunan"
"William Soares","reefrollerjj_10p"
"Audrey Riley lewis","audrey__riley"
"Kathryn","kathryn26.12yyh"
"Crew Mingle","crewmingle"
"Mel♥","mfwi_melbkp"
"JaylindCortez","jaylindcortez858"
"Miles McKee","makemoves720"
"Jaylind  Cortez","jaylind_cortez"
"Jena De Los Reyes","sdiegomama1976"
"","recklessdan"
"","polymixedaye"
"Michael F.","stuckupinmywayz"
"","traciecal"
"Angelica","angieelove__"
"Rahul Yadv","cg___boy___420___"
"","dancemomsmaniacc"
"Salia Aguilar","saaalia_a"
"Dave Sather","davesather"
"jennifer","mia_smith1223"
"JoJo","joborrego05"
"Mo♡","moheezyfosheezy"
"Baad Ass Krissy","curly_headkilla"
"Kaitlyn","kaitlynbui87452"
"Robert Souza","beano1122"
"Catarina Cerrillo","thisbitchcatarina"
"","richard_lovato"
"Valeria Vazquez","vazquezvaleria32"
"Ras Lynn Over","rozyroz227"
"Jose & aileen","jose_aileen"
"Paulina Roth","paulina_roth"
"","kara056874"
"Pedro","pedro.lopez064"
"Angelica Luanalani Juario","angelicaluanalani"
"Jose & aileen","jose_aileen"
"Paulina Roth","paulina_roth"
"","sophiaaemms"
"Angelica Luanalani Juario","angelicaluanalani"
"Leo Cortez","el_leon6913"
"Infinite ∞","summmmzz"
"","kara056874"
"Joel Cardenas","joel062195"
"","bearbeaar_"
"","dedacct22"
"rfz_designn","rapa_jpeg"
"Eric Vargas☠","ericsooblasted"
"Gabriel Olivo","gabrielolivo"
"","rrjji0"
"pallak malhotra","artzmadrug"
"","hern_andez_93"
"Daygo","stopsmokingregular858"
"","senormahado"
"","feliciabaabbyy"
"Ichabod","littlebabyichabod"
"Joelma Ribeiro","joelma_jojoh"
"","kaymrhh"
"£JESSICA ALLEN","jessica_allen9024"
"Julia Drohomirecka","julus22"
"","___________vhh"
"Miles McKee","makemoves720"
"👣","the_life213"